{
	"apiVersion": "v1",		
	"kind": "Pod",
	"metadata": {
		"name": "myblog",
        "namespace": "demo",
        "labels": {
            "component": "myblog"
        }
	},
	"spec": {
		"containers": [
			{
				"name": "myblog",
				"image": "172.21.32.6:5000/myblog",
                "env": [
                    {
                        "name": "MYSQL_HOST",
                        "value": "127.0.0.1"
                    },
                    {
                        "name": "MYSQL_PASSWD",
                        "value": "123456"
                    }
                ],
				"ports": [
					{
						"containerPort": 8002
					}
				]
			},
    		{
    			"name": "mysql",
                "image": "172.21.32.6:5000/mysql:5.7-utf8",
                "ports": [
                    {
                        "containerPort": 3306
                    }
                ],
                "env":[
                    {
                        "name": "MYSQL_ROOT_PASSWORD",
                        "value": "123456"
                    },
                    {
                        "name": "MYSQL_DATABASE",
                        "value": "myblog"
                    }
                ]
			}
		]
	}
}